<?xml version="1.0" encoding="UTF-8"?>
<project-private xmlns="http://www.netbeans.org/ns/project-private/1">
    <editor-bookmarks xmlns="http://www.netbeans.org/ns/editor-bookmarks/2" lastBookmarkId="0"/>
    <open-files xmlns="http://www.netbeans.org/ns/projectui-open-files/2">
        <group>
            <file>file:/D:/Apache%20NetBeans/NetBeansProjects/StudyFocus/src/studyfocus/Koneksi.java</file>
            <file>file:/D:/Apache%20NetBeans/NetBeansProjects/StudyFocus/src/studyfocus/FormStudyFocus.java</file>
            <file>file:/D:/Apache%20NetBeans/NetBeansProjects/StudyFocus/src/studyfocus/StudyFocusFrame.java</file>
            <file>file:/D:/Apache%20NetBeans/NetBeansProjects/StudyFocus/src/studyfocus/TugasDAO.java</file>
            <file>file:/D:/Apache%20NetBeans/NetBeansProjects/StudyFocus/src/studyfocus/AppMain.java</file>
            <file>file:/D:/Apache%20NetBeans/NetBeansProjects/StudyFocus/src/studyfocus/Tugas.java</file>
        </group>
    </open-files>
</project-private>
